TaxiTNC,Personal
113,133
195,83
242,116
60,123
34,53
74,20
60,46
12,55
320,43
41,37
39,62
286,86
40,329
27,22
89,186
84,65
71,97
18,136
7,65
59,29
222,146
21,79
122,35
53,27
377,374
41,88
64,63
94,115
62,11
156,23
35,52
302,22
19,55
101,33
52,15
46,65
6,149
280,42
63,315
23,20
45,47
179,172
115,71
143,20
59,35
66,54
19,47
110,106
116,36
35,51
35,78
51,42
44,50
89,139
188,116
127,201
70,122
31,70
86,31
11,80
12,24
74,66
19,38
21,114
146,46
0,30
50,34
17,35
32,29
202,184
109,91
40,97
30,76
23,64
20,121
21,74
160,27
93,394
101,52
55,81
163,41
23,113
42,96
63,173
45,195
284,80
47,85
191,218
35,28
314,81
50,57
9,48
49,232
13,70
4,190
71,90
34,124
63,98
60,16
137,84
147,35
222,52
113,48
42,15
71,32
103,70
156,70
29,70
48,84
143,152
58,82
11,82
333,221
91,45
166,55
167,98
43,94
76,117
87,57
50,68
18,37
98,115
105,115
22,45
24,8
10,45
102,41
255,78
51,38
25,39
104,54
33,137
22,173
294,47
142,40
295,84
59,73
98,56
306,58
98,48
160,17
121,53
14,29
52,218
22,9
106,37
196,161
57,36
55,43
185,34
67,54
23,52
31,68
32,205
214,362
30,362
125,294
145,266
50,46
39,68
79,73
55,21
24,31
1,12
101,55
139,62
64,57
252,293
35,274
25,378
35,379
7,37
62,175
14,18
20,83
19,68
62,64
28,15
46,143
32,46
216,41
145,22
52,51
70,45
107,124
27,26
44,39
27,60
32,43
41,66
42,435
38,22
29,73
128,25
5,80
63,42
140,37
5,38
181,204
27,20
57,171
280,78
78,43
81,30
23,39
50,132
48,69
21,18
231,58
35,51
136,18
40,35
57,22
74,94
114,58
62,27
131,67
109,20
5,64
55,102
56,59
26,86
320,201
42,95
85,23
34,71
67,70
8,262
30,40
239,31
115,65
156,64
163,69
51,20
65,168
22,48
21,34
112,147
63,26
35,62
107,26
320,70
27,79
111,58
66,25
46,86
74,34
327,153
26,46
3,274
71,383
89,28
103,22
8,352
33,30
34,11
98,21
52,27
36,56
10,27
264,17
68,178
104,89
18,51
31,29
36,28
80,113
27,57
73,83
10,42
92,30
43,53
186,41
12,68
64,50
49,59
208,177
35,67
45,41
19,457
47,83
95,96
22,63
83,19
42,29
17,37
108,43
38,82
32,124
190,10
20,55
126,22
119,374
126,39
14,46
10,80
105,72
68,73
167,177
33,74
55,46
109,177
95,19
23,97
47,85
1,73
60,386
54,103
37,42
35,9
190,47
128,94
10,46
48,141
47,432
48,55
126,387
53,36
383,14
1,88
53,45
37,81
9,155
8,68
22,70
26,225
34,14
76,105
53,208
80,173
308,29
31,34
151,107
2,51
100,27
89,33
48,93
21,49
308,62
65,166
55,29
73,78
24,55
24,83
96,173
167,46
54,42
19,116
7,90
81,193
106,49
114,72
76,126
94,20
0,20
68,83
86,100
67,38
190,45
10,86
37,27
8,75
8,59
52,84
38,82
14,62
211,417
88,54
156,151
194,78
38,72
33,26
123,108
32,224
141,174
148,41
33,177
44,87
48,62
68,124
64,64
19,55
19,125
64,50
45,2
178,124
52,47
101,22
19,44
41,22
28,84
94,90
2,125
30,64
103,123
26,208
266,76
64,90
306,38
48,35
2,16
58,71
84,189
7,128
37,110
205,111
83,58
89,45
137,133
24,127
163,40
183,29
333,125
36,53
27,48
60,61
190,42
290,32
97,91
43,246
60,97
21,34
56,93
75,60
51,42
176,52
5,374
44,74
12,11
182,54
90,109
77,78
32,125
47,454
48,99
36,256
61,85
113,99
57,45
121,48
5,41
5,270
63,330
36,57
64,435
47,53
2,110
46,37
109,274
78,46
18,191
63,31
55,56
29,184
113,374
20,46
48,18
124,37
58,39
24,172
30,127
444,81
22,41
59,205
93,74
314,36
9,88
185,111
369,227
15,31
19,21
184,168
49,46
69,84
97,88
109,68
22,20
64,19
32,34
320,146
264,63
182,96
36,63
41,52
169,39
14,67
101,31
51,150
2,137
87,148
108,309
84,53
71,179
34,34
55,80
22,56
140,84
44,80
30,61
38,57
101,149
103,92
41,15
119,92
50,29
85,24
12,40
20,36
75,34
37,123
38,12
142,95
37,124
45,85
136,32
280,126
391,174
89,40
10,85
48,178
12,34
57,68
323,40
95,20
61,174
160,92
65,123
67,83
86,103
137,75
33,31
21,82
198,109
10,83
447,125
46,187
31,144
56,78
68,151
64,31
179,57
14,314
48,155
246,22
59,93
49,54
215,61
178,113
40,101
34,34
31,108
90,40
34,112
128,78
34,296
195,65
75,70
208,46
77,35
30,164
94,114
108,15
44,64
53,37
41,138
57,50
10,50
18,47
119,108
73,307
51,45
291,310
15,333
30,37
12,60
29,31
86,54
98,149
28,29
54,146
46,30
20,104
99,18
55,128
100,42
90,173
25,39
18,45
76,85
140,103
162,98
105,57
114,46
42,318
76,25
101,62
74,17
479,73
6,35
65,316
55,117
24,303
74,50
53,36
67,20
47,128
43,69
14,48
7,272
54,97
67,56
264,91
60,96
60,21
55,289
30,75
190,20
24,55
70,92
19,58
161,42
184,177
134,47
42,28
29,18
48,34
16,36
43,69
75,61
406,31
65,46
6,190
226,92
22,25
60,60
304,73
32,274
7,62
48,92
222,11
97,70
123,31
19,18
16,90
264,31
407,78
53,94
54,11
103,46
85,17
7,58
406,12
88,113
50,25
86,124
167,172
22,41
185,61
191,337
54,158
171,34
191,110
30,8
149,54
14,103
65,16
350,11
184,85
173,8
86,120
66,73
35,51
17,87
22,10
17,47
69,330
260,96
48,226
19,22
68,175
98,101
213,65
30,184
37,123
29,84
127,100
24,18
369,28
23,175
25,33
96,72
7,200
128,110
174,19
28,44
85,87
28,59
131,49
2,43
38,63
27,201
36,75
31,53
20,94
37,184
26,85
53,78
42,272
128,396
108,99
5,62
231,37
63,106
178,40
30,21
134,5
23,56
143,17
12,33
39,105
345,5
77,35
179,35
38,70
25,33
12,189
36,116
7,60
36,49
60,41
13,75
55,132
85,56
103,51
13,18
48,48
198,41
18,25
61,144
279,76
297,101
56,29
350,49
150,79
69,136
174,106
197,42
26,61
64,57
216,62
29,94
40,32
125,273
21,69
24,54
8,454
119,136
374,57
0,16
406,80
30,99
38,126
148,41
364,316
50,92
8,72
27,26
28,81
16,41
97,63
80,448
64,256
71,38
65,37
37,151
25,58
37,272
304,66
29,355
64,36
19,22
115,20
205,151
24,50
181,59
114,122
19,58
144,96
63,20
171,62
53,31
58,27
177,55
1,55
128,56
108,47
32,105
73,55
10,157
32,11
142,20
19,206
32,63
28,77
40,177
22,139
86,54
3,51
236,52
400,85
39,57
30,20
51,40
26,42
7,23
65,29
95,28
20,171
49,18
30,61
293,58
75,94
84,99
28,50
75,225
256,225
60,39
28,164
53,23
68,25
72,316
124,80
93,31
62,27
102,37
38,166
55,224
85,84
44,226
29,194
16,83
55,37
16,39
36,22
299,32
63,88
140,6
28,94
44,127
93,79
295,29
25,120
38,36
106,23
97,5
11,36
16,87
364,42
68,111
45,31
51,78
49,91
108,20
128,17
78,114
1,112
61,55
114,76
114,71
23,39
33,50
52,48
106,154
204,25
312,113
126,37
16,50
40,82
28,83
57,53
26,38
24,31
21,59
32,62
7,19
46,45
19,85
24,61
50,68
48,56
45,38
12,100
55,352
135,75
256,80
258,280
76,151
383,74
90,62
187,81
47,52
55,111
294,113
23,105
136,128
37,100
19,140
60,8
138,73
27,40
108,60
109,60
39,52
223,65
47,95
65,43
9,38
123,39
364,151
42,82
108,46
75,125
29,84
134,46
138,20
19,27
49,105
20,11
17,226
104,71
27,65
156,35
40,47
36,96
39,215
6,21
109,61
32,19
75,35
55,38
52,53
50,52
306,21
293,30
32,76
239,417
8,64
124,79
10,66
49,42
204,100
98,44
48,58
26,37
82,40
21,61
76,101
43,75
37,118
24,379
45,82
33,86
156,29
180,40
41,186
97,75
67,383
15,100
36,27
1,77
171,62
109,34
87,29
4,46
54,23
16,66
1,31
160,68
46,0
24,35
319,38
69,42
2,60
98,126
188,81
65,77
18,104
58,115
125,72
35,188
145,69
125,34
34,61
16,44
364,43
195,53
42,27
156,118
33,152
22,88
28,63
122,22
92,62
27,72
83,59
98,73
31,85
161,195
26,45
35,191
49,37
60,40
30,129
163,100
11,62
45,195
146,70
68,108
125,271
176,64
115,66
87,218
27,212
73,123
13,88
128,191
119,58
65,5
181,17
44,15
45,117
36,120
70,25
51,72
120,47
37,65
108,69
129,92
131,112
27,173
80,197
59,124
83,305
98,85
47,115
87,52
22,42
41,151
39,233
39,69
7,274
246,117
294,146
37,84
35,75
104,37
113,13
25,112
22,62
80,18
88,90
191,43
47,195
102,16
15,241
33,2
20,138
37,42
55,51
34,39
51,20
72,87
22,39
129,50
185,151
148,147
51,79
152,58
26,111
14,77
136,216
28,252
16,6
28,206
1,83
67,64
39,26
128,65
162,120
26,340
15,33
40,52
185,101
52,79
73,155
161,52
191,109
39,52
56,50
13,166
22,36
11,34
7,112
75,62
41,42
10,59
46,123
221,35
119,70
197,99
86,18
128,94
39,150
121,21
9,159
8,106
41,32
64,49
167,36
46,29
24,31
70,22
146,39
39,232
63,27
163,51
92,106
5,39
73,131
290,135
23,22
45,66
30,111
51,208
19,64
67,39
286,78
46,104
51,83
21,40
56,66
38,68
0,42
87,117
262,35
224,77
127,20
35,223
9,36
21,151
5,52
372,74
125,89
205,17
29,33
68,175
44,60
262,116
88,34
109,72
48,64
167,20
22,91
72,41
21,42
130,158
19,47
66,435
13,23
163,72
16,40
42,76
26,294
25,144
70,57
208,172
18,280
319,28
56,27
47,25
86,5
55,280
115,60
47,76
25,225
42,43
358,50
145,99
57,42
26,152
115,99
159,60
80,29
148,200
217,45
279,83
105,41
101,62
59,90
143,31
115,62
63,33
25,45
260,75
4,97
246,98
40,66
36,94
55,44
115,73
42,93
83,41
36,30
24,67
41,92
73,80
64,39
128,70
37,33
85,38
50,104
52,44
84,66
41,145
25,114
31,128
221,42
39,31
58,34
29,48
93,118
69,87
369,67
447,42
22,147
37,34
13,111
24,63
29,300
15,36
164,85
198,133
42,43
422,136
24,43
34,196
270,97
128,205
319,77
121,57
47,123
165,83
22,374
160,208
72,447
26,64
308,37
290,73
47,60
57,204
80,47
145,198
61,64
22,60
208,80
84,50
14,82
156,27
74,158
55,25
42,35
14,108
46,66
67,70
22,32
1,49
165,62
103,300
58,172
124,76
136,24
14,33
51,22
27,45
33,448
102,63
54,32
141,125
117,27
43,40
99,45
88,126
1,17
39,75
187,39
36,93
82,50
25,96
30,123
33,10
5,43
97,116
264,116
7,96
56,138
44,119
38,120
391,173
49,37
30,79
141,110
36,51
36,60
62,21
29,173
30,26
21,84
5,79
104,95
15,162
32,144
293,38
171,136
32,84
26,68
16,39
131,65
71,333
28,93
223,35
48,39
148,41
21,64
33,26
140,53
41,44
54,85
40,52
35,36
21,25
12,123
231,184
231,205
126,33
23,117
50,249
60,25
98,55
65,210
150,114
100,147
3,33
136,33
73,328
18,26
105,62
20,108
58,103
68,110
40,28
79,76
63,80
12,62
114,26
11,289
40,57
2,94
217,58
161,123
78,75
21,23
35,86
51,42
5,45
65,31
64,200
38,28
47,94
29,47
30,98
103,35
102,387
262,18
31,65
55,273
63,123
4,70
27,97
197,35
6,67
36,225
23,227
37,59
183,35
104,262
47,11
43,34
301,108
26,135
147,304
97,158
261,11
63,88
73,92
71,135
5,50
26,41
48,150
35,29
126,51
28,74
166,55
15,53
128,66
7,66
24,85
25,225
198,56
93,15
242,57
41,113
31,46
36,51
62,179
65,19
215,93
54,70
25,30
27,196
44,36
30,21
22,201
224,41
114,78
31,122
4,74
96,52
68,46
83,55
129,45
45,65
46,99
113,311
240,19
33,85
16,63
81,274
75,95
42,214
73,61
306,43
14,33
16,53
29,55
86,216
40,78
24,200
176,60
161,32
51,198
0,168
156,173
44,13
21,133
21,96
422,26
130,35
87,31
140,125
45,35
39,33
216,113
112,192
69,38
53,55
14,35
19,58
291,42
81,64
40,14
62,37
34,39
89,78
105,144
62,272
49,47
56,45
78,26
31,15
135,41
9,13
78,114
44,51
71,64
223,318
51,35
40,62
34,274
9,29
37,122
444,135
60,81
82,250
58,38
187,90
226,61
183,32
103,93
22,297
31,148
35,321
25,73
10,8
7,62
52,52
56,38
135,221
68,75
54,46
37,63
115,31
51,38
55,21
26,76
53,226
119,50
168,37
75,75
51,63
12,65
23,36
30,26
72,40
44,34
369,312
130,63
1,87
45,22
83,74
7,75
33,115
195,73
368,81
78,64
82,22
13,68
190,226
364,57
83,79
327,210
176,63
226,15
306,58
47,32
17,43
211,79
27,225
30,83
24,208
42,34
364,15
33,27
252,37
30,50
44,57
391,50
96,46
63,66
198,133
73,116
1,57
46,105
73,70
129,42
45,35
45,39
33,145
58,146
12,457
100,44
17,95
22,68
60,33
48,106
47,45
195,130
7,67
100,115
2,86
62,21
30,33
185,194
45,43
23,108
30,141
86,110
40,112
22,234
15,133
64,66
50,35
416,52
318,117
22,205
55,55
16,153
102,52
342,94
73,110
73,56
176,22
39,31
31,11
290,177
364,84
24,14
26,75
24,94
78,123
358,170
30,300
32,312
293,151
147,158
141,8
5,294
54,52
65,68
301,32
48,173
55,60
27,46
96,41
52,186
30,218
29,79
342,118
67,26
35,144
144,36
27,32
50,231
51,5
31,2
121,52
3,41
115,396
37,20
38,79
25,301
60,136
38,82
29,35
63,68
50,84
105,125
261,59
121,29
57,78
87,76
90,84
51,36
55,124
29,95
32,79
74,8
58,113
333,40
62,173
53,81
42,144
134,173
63,85
86,148
342,58
7,138
40,56
20,111
67,19
97,177
178,77
115,141
30,112
67,224
304,50
4,88
41,69
106,159
72,45
57,228
7,52
5,122
7,301
44,201
141,55
72,70
226,75
67,35
45,40
22,36
8,78
62,374
44,215
28,40
71,5
114,78
24,57
224,66
15,26
10,81
42,38
130,21
43,38
48,36
12,43
161,90
86,46
322,140
60,22
28,85
34,16
12,63
37,26
47,21
18,102
14,33
20,22
71,200
119,46
19,47
42,67
26,95
216,138
33,35
24,178
72,355
63,57
19,58
27,79
22,352
31,34
27,337
97,32
20,186
69,378
5,99
1,20
36,61
224,189
27,109
141,60
108,27
56,24
216,27
62,68
100,124
16,114
78,98
21,148
56,40
52,32
76,36
52,68
133,86
83,58
75,80
129,146
112,114
29,17
52,113
115,26
13,72
42,75
16,384
40,162
12,153
113,133
10,208
145,67
29,74
97,31
113,112
63,188
290,265
33,31
107,177
68,37
53,48
65,106
290,45
45,125
12,360
160,99
67,189
352,147
17,207
141,42
25,104
57,48
104,489
75,39
39,112
53,207
70,75
52,208
36,215
373,14
91,32
26,178
322,34
85,58
46,70
40,50
51,47
33,165
16,57
65,305
103,59
119,72
48,23
24,92
11,35
126,141
161,7
10,69
364,97
16,37
15,56
11,24
62,17
73,54
10,49
5,47
112,40
27,73
29,43
75,122
16,21
52,117
377,100
56,77
63,19
70,34
22,26
59,50
320,8
10,131
27,77
102,20
198,51
20,113
43,45
29,107
213,88
9,29
30,36
22,52
41,47
214,110
73,157
208,53
12,58
364,186
25,72
37,66
2,53
218,29
4,227
98,113
2,88
112,83
52,63
48,17
91,61
52,38
174,136
55,31
8,57
12,60
41,42
46,29
8,22
115,246
84,105
14,76
74,151
63,59
29,44
30,83
176,88
55,39
80,52
125,83
177,32
64,8
96,41
37,86
43,28
4,49
19,40
47,61
30,25
51,119
38,195
13,120
47,78
56,176
84,27
286,152
163,198
9,61
40,48
9,85
7,55
8,38
22,236
10,99
72,19
350,61
66,105
57,29
46,146
126,37
71,62
128,30
86,33
78,294
160,191
161,46
24,138
12,144
163,78
262,186
312,84
246,19
11,8
19,53
52,37
41,54
85,186
8,16
49,84
102,90
56,59
40,67
67,22
75,22
32,68
29,45
53,226
55,83
224,99
10,68
115,165
60,90
46,60
8,35
145,93
24,25
136,173
73,41
66,191
136,45
44,41
1,21
31,56
36,117
129,208
26,120
5,45
55,208
37,36
160,36
119,52
12,29
8,67
5,106
52,499
286,52
66,112
258,126
22,17
24,110
48,75
30,61
156,59
176,119
52,55
4,22
84,252
65,42
102,300
41,38
43,75
40,50
444,368
167,125
87,489
25,97
7,108
161,123
70,47
48,108
94,31
17,142
45,64
368,41
86,50
8,73
279,42
38,99
60,72
15,140
25,66
71,51
191,47
284,67
27,31
75,18
51,45
185,225
26,60
76,61
163,107
40,56
19,33
23,266
14,83
28,208
188,218
51,11
5,79
115,78
24,28
58,34
0,44
444,122
25,115
113,146
29,20
312,26
86,35
168,10
37,36
109,34
52,47
19,58
43,45
30,72
134,117
183,80
53,34
6,42
130,66
85,41
52,166
76,82
300,96
279,27
89,45
99,32
61,55
107,35
66,28
97,50
99,21
202,72
129,135
59,309
85,35
21,25
9,52
196,66
22,76
287,89
12,70
75,39
17,49
137,208
26,200
66,46
29,25
63,64
51,24
78,77
46,108
102,124
49,77
49,70
0,250
126,84
416,43
364,55
21,88
56,40
30,95
6,114
115,57
25,51
86,383
24,24
11,34
138,432
14,47
104,50
90,104
54,316
89,28
115,300
64,321
30,96
90,188
48,49
256,84
21,61
32,55
58,30
15,36
55,146
36,78
42,78
11,252
30,62
142,30
78,214
124,40
87,35
94,387
36,65
64,28
128,223
22,32
47,48
2,80
26,40
386,32
37,23
70,54
8,41
91,227
102,25
42,178
141,56
162,47
47,212
5,24
39,47
35,28
159,40
35,151
47,35
24,78
77,155
20,177
46,21
0,112
20,37
12,28
36,62
45,19
239,84
83,50
60,35
69,27
369,28
35,127
152,85
27,169
63,70
89,22
99,100
112,41
187,47
71,63
38,39
40,126
14,61
100,87
12,39
294,63
37,31
43,76
26,24
76,20
26,113
96,173
43,37
88,173
148,50
93,62
53,62
26,52
216,195
64,31
90,318
187,51
74,72
447,88
2,205
142,97
5,55
53,67
22,38
41,208
32,108
143,35
35,114
23,57
49,47
27,60
118,34
39,129
14,151
38,75
161,32
4,63
86,113
330,77
71,65
19,36
264,37
30,104
342,62
104,77
1,78
32,32
40,5
26,232
129,39
223,66
407,62
312,35
26,114
83,226
30,113
67,57
190,42
50,216
124,173
48,52
31,82
47,146
105,57
85,47
227,208
66,153
65,74
57,100
96,26
134,144
24,53
42,128
69,139
65,66
68,177
52,138
369,79
167,20
70,8
37,112
34,114
106,150
44,26
113,70
1,385
98,126
173,59
32,61
216,9
90,330
84,27
57,98
7,189
283,27
5,141
70,84
25,36
64,20
111,86
29,100
94,52
162,38
3,307
15,75
109,123
144,51
123,45
19,330
161,111
22,155
78,171
156,45
1,90
18,40
31,98
95,22
25,33
30,70
166,70
112,50
165,196
185,375
2,117
376,43
91,237
23,41
74,71
190,74
258,200
87,183
101,36
223,196
125,136
7,18
56,58
4,59
404,53
22,67
36,5
15,218
216,119
14,86
6,85
61,62
184,246
75,54
56,94
40,105
179,95
129,22
1,90
71,131
28,27
61,62
211,85
40,40
13,20
33,59
114,139
45,237
66,76
162,93
49,187
73,59
208,136
68,47
342,20
5,50
3,81
45,11
174,48
53,108
106,46
21,135
113,119
25,76
62,54
23,107
41,37
125,448
83,74
223,99
40,138
80,311
77,40
10,146
24,289
107,29
27,78
14,21
216,98
51,40
2,227
167,69
5,75
51,35
39,48
86,41
3,84
121,112
62,52
67,159
44,39
94,15
57,11
20,39
36,85
8,78
121,42
30,29
128,316
24,39
102,116
182,78
48,65
48,195
46,52
301,32
31,59
246,96
149,83
14,78
115,28
12,73
43,169
383,28
63,97
140,63
56,65
13,5
29,330
177,48
377,41
47,48
46,114
7,21
47,27
24,134
87,78
64,84
76,36
68,135
148,256
86,426
21,50
113,34
77,114
93,31
7,35
53,19
113,74
49,88
174,48
68,66
40,52
145,43
352,45
7,83
15,113
130,73
227,29
74,164
165,30
95,225
97,45
205,34
71,45
4,6
167,28
18,118
80,60
108,29
62,62
14,173
15,30
22,106
28,46
37,109
57,75
4,40
125,50
25,22
5,39
8,72
49,35
27,113
51,93
88,81
190,52
11,68
45,175
181,75
81,52
88,5
55,5
31,72
161,37
16,18
63,61
174,48
80,32
50,32
49,22
21,116
25,56
25,246
177,90
23,52
27,31
16,114
40,106
81,65
30,241
198,48
447,44
17,49
129,240
12,58
4,280
136,193
81,105
301,202
61,51
32,52
89,28
177,176
89,119
98,250
167,73
18,70
102,44
50,50
5,59
2,22
217,112
22,20
297,35
12,112
291,276
24,28
101,49
179,171
147,9
52,70
48,18
16,119
129,38
28,172
76,78
30,61
137,146
13,212
48,80
333,50
72,52
40,62
205,83
425,28
128,70
82,66
63,99
13,60
118,316
11,12
74,40
96,45
75,75
36,72
27,31
23,160
103,50
0,138
206,50
166,45
59,69
7,20
54,8
77,8
24,53
66,99
54,42
44,107
102,61
148,70
14,41
68,107
70,158
21,21
65,37
80,300
73,68
134,120
113,58
17,84
84,21
99,44
96,111
25,184
128,26
22,188
24,134
74,148
260,131
48,80
45,58
55,73
39,116
7,79
58,67
96,53
55,312
51,8
80,119
34,127
35,45
44,42
17,231
104,111
444,15
136,18
30,329
128,84
25,88
20,32
130,126
4,8
35,36
62,74
136,69
52,29
23,58
131,62
147,28
51,43
29,47
84,73
96,56
147,448
10,39
210,86
8,107
263,61
12,38
67,23
164,29
191,47
64,107
101,60
80,144
37,265
65,74
20,18
10,426
327,96
20,30
44,120
114,27
55,40
97,192
41,72
27,125
40,66
13,119
12,45
34,148
299,28
97,42
314,173
300,8
6,56
21,8
166,96
66,0
319,26
45,53
102,112
50,146
171,59
5,150
113,82
19,40
15,204
55,35
40,38
52,25
54,226
206,58
22,324
100,46
239,96
54,131
5,48
33,45
155,46
39,65
25,109
110,50
39,181
323,32
48,52
44,113
21,93
142,37
42,64
136,155
73,114
50,67
73,72
150,92
71,96
126,77
51,156
89,96
116,70
127,96
330,29
14,34
168,129
90,27
91,110
8,35
178,83
73,432
19,32
40,65
131,106
10,119
45,212
40,23
91,426
44,41
5,50
55,178
39,44
65,50
290,147
65,97
51,187
16,383
10,73
188,138
49,10
34,70
33,9
68,301
38,40
32,43
303,123
40,166
190,113
74,368
320,499
48,40
40,35
15,41
294,160
56,124
103,134
148,70
106,121
8,62
35,144
24,104
54,105
42,49
40,322
58,95
115,128
89,265
24,31
104,70
103,20
33,63
86,159
252,146
30,40
21,131
101,43
10,52
32,84
155,118
84,50
112,137
17,82
107,24
181,183
127,82
240,41
7,138
121,67
10,38
23,35
57,49
63,78
44,84
215,16
20,118
68,6
12,34
89,174
55,374
34,146
41,18
119,42
60,93
115,21
1,83
66,58
102,65
52,314
7,88
31,137
4,93
312,66
221,316
56,171
294,83
109,66
102,95
29,166
104,75
51,30
103,435
66,87
156,24
46,43
51,42
35,42
41,27
71,138
105,30
142,2
18,51
66,78
64,42
17,45
17,190
66,36
5,50
297,151
78,35
287,17
106,48
113,177
56,37
28,175
1,34
28,375
35,30
97,101
46,88
52,187
4,63
13,82
41,72
93,146
36,318
87,105
53,49
73,50
17,115
80,46
88,39
21,113
79,188
83,82
156,65
20,131
108,114
12,75
40,5
81,15
477,137
27,315
12,40
4,85
137,87
56,39
5,24
64,32
15,72
29,46
161,118
23,45
52,293
20,42
105,223
51,21
58,58
56,47
17,117
45,159
53,20
51,53
69,111
297,144
149,240
64,83
86,58
94,173
53,48
48,32
167,75
78,127
77,140
98,67
54,20
17,160
16,61
112,33
62,31
57,45
53,60
48,61
51,151
35,46
160,184
113,187
14,46
65,101
28,38
72,15
96,112
40,40
50,74
177,72
119,55
33,68
71,14
78,70
136,79
37,138
184,33
28,63
67,131
129,87
51,22
134,297
384,26
223,83
126,39
9,144
32,13
32,29
98,67
62,80
23,38
39,50
21,65
177,42
94,37
40,252
136,11
131,55
26,38
98,146
29,44
12,46
102,153
60,159
46,25
89,118
62,45
290,64
293,22
30,17
26,355
15,62
103,31
97,195
51,81
114,21
391,94
7,124
62,12
60,280
126,121
44,40
422,32
25,107
52,111
26,96
84,158
57,22
113,200
45,50
224,117
37,18
11,25
65,70
24,62
50,162
32,383
68,32
62,145
71,32
71,93
158,15
148,30
160,32
135,41
21,266
40,71
30,177
52,15
43,108
18,67
191,58
95,136
46,37
63,181
103,55
194,18
55,20
266,91
215,27
139,80
36,40
179,61
2,30
14,172
26,30
252,53
308,98
10,62
133,71
69,330
7,34
72,271
121,70
47,121
262,134
87,80
239,20
8,120
30,66
20,24
52,111
14,22
63,135
49,489
135,46
156,89
18,15
386,41
24,27
59,50
113,112
61,34
52,78
52,27
137,72
34,39
63,118
25,114
28,35
1,87
103,120
40,33
63,374
54,63
35,137
63,29
116,70
165,135
5,52
73,147
68,41
106,186
31,11
333,43
17,77
71,77
43,8
38,34
38,59
52,105
27,16
96,61
35,76
49,59
81,40
308,226
12,41
94,58
142,236
40,90
179,41
32,86
115,39
106,61
6,63
26,79
29,379
32,300
161,48
43,58
127,43
44,74
30,112
78,40
60,60
143,55
49,240
50,61
239,21
35,66
48,47
98,63
87,40
102,125
2,121
20,15
40,17
50,93
56,47
27,76
208,65
57,84
114,45
290,81
58,343
444,273
30,93
32,43
38,71
21,58
404,85
25,33
312,46
86,49
54,8
161,111
55,38
49,234
37,61
60,133
86,22
67,106
72,39
107,83
126,106
72,218
27,313
68,171
134,86
57,190
4,70
204,50
48,73
168,20
55,64
53,296
400,426
136,40
156,26
25,31
74,153
23,37
43,144
46,218
21,214
13,68
54,60
36,54
53,39
137,72
30,72
14,23
142,414
20,58
224,57
162,36
50,53
45,46
30,47
39,150
287,32
95,31
41,96
55,173
24,166
57,75
141,54
132,17
1,108
318,128
24,45
57,131
174,136
162,38
233,56
87,112
104,53
68,81
10,33
82,56
215,49
21,25
20,144
1,70
84,46
106,100
33,13
65,55
27,80
47,96
46,37
9,58
10,34
57,70
52,31
60,137
36,113
25,114
28,17
5,40
34,58
76,78
57,322
62,73
84,318
9,61
110,13
34,62
13,77
39,106
47,168
183,72
2,239
12,38
67,62
27,117
55,96
103,76
30,272
18,76
116,118
25,314
132,68
63,40
123,159
62,135
43,14
12,18
62,62
141,60
117,201
39,58
386,146
53,35
108,54
4,68
5,115
19,68
76,207
75,44
83,72
14,56
84,41
47,394
204,225
29,42
270,328
69,59
21,25
64,151
11,43
38,100
62,140
226,88
14,56
194,119
45,103
97,151
364,164
42,49
52,113
191,435
76,84
56,58
150,387
118,169
40,78
302,14
100,39
43,177
26,82
33,270
67,44
53,81
178,3
8,61
63,33
318,97
184,106
83,68
109,36
1,246
62,46
176,97
26,172
13,42
80,122
27,55
50,68
96,118
112,146
36,137
49,20
128,18
17,84
47,77
83,25
62,14
10,337
56,139
45,122
11,50
76,119
43,44
18,105
156,179
54,100
63,30
23,93
26,25
75,90
42,115
86,8
263,31
86,207
27,85
78,228
97,50
57,140
115,63
30,81
35,66
53,30
6,136
118,96
24,53
308,139
52,62
71,73
53,91
126,15
74,65
152,315
13,31
4,70
156,112
12,289
107,186
53,117
10,57
48,196
89,50
65,36
102,39
128,19
139,14
95,60
114,124
136,170
128,234
2,39
28,27
74,140
22,17
422,16
200,432
141,158
68,84
23,31
83,125
7,34
438,65
97,73
50,42
44,117
23,12
8,62
190,42
84,41
89,33
27,42
6,47
56,54
148,112
302,29
246,7
94,39
22,45
286,157
270,74
32,144
30,122
43,48
165,57
293,39
128,66
27,103
19,58
87,80
26,65
116,58
53,374
155,44
94,33
22,33
52,78
50,125
8,86
30,27
52,52
36,64
48,181
30,86
215,30
124,63
167,66
112,39
47,60
35,38
22,343
136,45
19,310
21,27
34,115
65,42
227,67
15,61
47,74
57,35
279,67
49,95
54,218
112,25
57,50
74,85
71,153
53,27
407,60
24,26
290,40
21,52
129,104
55,104
126,120
217,33
42,84
89,50
40,51
97,42
89,49
25,47
136,44
28,73
124,183
89,26
40,252
290,81
68,81
102,15
34,111
91,104
55,50
50,76
30,35
152,158
106,172
14,59
57,249
64,106
49,77
72,90
126,84
126,22
29,62
28,34
191,212
3,197
85,52
330,31
102,53
148,149
31,256
76,47
36,29
114,81
29,44
37,48
60,173
206,119
5,11
29,25
5,273
35,360
39,51
83,137
314,214
45,49
176,88
22,133
90,90
48,40
37,194
127,44
26,27
119,97
40,78
27,27
124,72
300,29
30,108
25,33
13,67
68,20
136,113
220,35
54,113
118,401
50,39
9,90
110,76
25,155
36,42
74,309
24,31
34,126
54,34
8,140
160,19
205,51
37,20
34,91
71,57
104,134
375,22
314,158
61,233
40,10
51,78
224,25
372,82
68,40
45,19
63,58
30,98
96,387
57,25
181,38
98,46
198,43
134,65
43,128
21,175
95,188
53,104
75,107
22,8
7,67
352,24
72,137
84,141
29,28
49,51
28,54
56,15
63,45
57,78
173,124
96,50
60,170
74,29
22,48
51,77
74,62
48,40
36,25
12,44
34,51
89,104
51,66
52,206
52,57
30,123
65,60
14,129
40,169
161,44
425,38
21,42
27,22
11,114
66,98
12,208
29,111
17,39
5,39
37,128
50,166
224,58
320,26
52,75
2,59
171,83
12,31
17,15
12,39
60,37
24,58
12,246
65,192
46,22
46,172
180,36
112,112
74,15
54,150
35,157
45,401
477,42
204,435
56,29
128,82
35,54
174,66
48,131
3,23
73,61
118,24
87,58
12,58
8,103
24,66
174,60
44,29
42,101
134,39
150,82
136,84
46,40
51,26
27,141
84,37
59,124
76,70
72,63
80,57
57,56
47,85
43,39
20,8
5,63
26,81
24,97
293,139
9,86
30,61
128,125
25,70
15,50
148,362
12,66
125,19
38,82
12,417
217,239
19,89
23,171
36,94
53,78
404,8
95,162
85,45
42,40
15,90
22,75
10,95
60,16
20,26
223,44
148,53
104,28
40,11
26,62
42,57
40,240
30,67
74,119
239,123
103,150
29,84
86,57
123,39
62,198
13,34
73,16
31,25
114,133
35,114
185,58
4,65
96,140
104,51
406,116
314,85
8,22
67,85
26,117
10,39
2,24
22,57
7,82
35,73
3,46
76,93
312,43
100,37
41,40
102,124
18,70
36,96
72,65
96,74
68,53
25,132
181,71
62,35
62,128
104,110
19,169
11,88
37,177
106,50
262,65
182,330
69,92
121,161
44,50
264,28
216,26
40,84
13,26
19,47
2,43
78,65
126,92
107,34
68,39
46,50
55,48
252,37
37,20
32,38
101,39
17,146
61,157
17,10
30,62
63,144
50,22
5,72
101,68
53,26
35,87
30,74
19,118
18,61
69,71
135,212
63,214
183,58
42,40
26,368
2,54
47,28
208,2
42,426
9,97
112,35
106,62
50,81
129,133
156,40
7,71
49,55
6,243
40,214
89,46
37,45
374,69
62,202
2,116
12,107
133,45
21,103
66,8
96,29
20,36
191,18
261,55
87,343
160,62
35,200
26,92
65,92
55,100
32,150
125,31
3,29
60,9
115,61
406,97
16,58
128,50
4,48
148,432
65,57
55,28
52,73
27,16
14,280
312,29
54,48
17,63
125,195
47,378
43,184
304,26
45,31
43,20
26,15
31,137
25,77
44,301
28,73
87,76
63,22
27,86
121,36
28,214
47,131
73,115
5,41
23,32
44,37
42,116
16,69
26,40
19,96
75,27
91,55
16,36
30,59
59,65
10,81
94,40
12,52
11,22
46,11
78,23
12,41
43,196
28,208
297,95
63,31
12,315
110,171
90,31
62,136
33,58
15,5
60,55
58,37
39,15
12,202
24,250
67,231
53,42
58,62
216,314
98,224
127,38
93,52
60,70
88,89
62,31
135,73
30,166
32,8
221,192
33,35
167,48
65,73
31,46
5,45
50,148
31,416
46,31
86,79
29,72
115,63
96,28
26,95
53,73
59,318
32,109
81,57
62,46
65,50
24,112
204,49
27,51
56,123
114,35
438,56
52,131
23,32
53,42
16,158
10,57
10,36
68,76
26,105
15,35
352,58
72,104
24,124
126,37
300,55
31,47
103,38
137,122
33,23
162,39
26,355
101,152
319,62
320,43
80,54
15,34
194,35
64,46
36,24
87,146
84,119
24,107
100,150
39,66
161,108
18,84
72,125
76,109
30,126
164,39
322,62
52,65
78,33
20,79
77,18
55,34
19,110
128,22
13,107
29,133
86,108
97,164
31,65
26,132
342,22
32,49
52,17
56,128
376,303
30,20
32,55
97,38
113,63
4,38
36,37
10,72
65,39
75,50
20,105
167,11
24,5
161,82
57,67
31,296
45,30
35,21
45,322
372,15
178,72
320,67
26,94
1,80
37,110
105,50
47,151
68,57
174,193
197,33
306,70
57,44
30,118
56,18
113,20
39,46
63,289
46,15
32,202
71,318
2,162
47,169
327,312
64,120
105,73
208,97
295,20
176,17
52,54
33,120
5,139
76,30
68,83
51,188
91,151
47,20
42,97
62,43
32,158
53,59
27,38
48,50
16,15
129,85
7,99
26,50
36,81
208,74
126,53
141,55
56,52
30,78
47,107
11,201
21,110
38,32
12,81
308,62
444,98
56,41
85,39
108,86
24,81
30,48
160,100
221,84
44,28
19,24
206,379
71,45
46,375
17,164
102,184
50,129
28,53
53,8
30,29
33,60
64,37
126,25
19,80
24,272
48,57
17,230
295,93
20,155
71,76
78,156
300,17
246,201
62,77
32,87
24,11
6,35
114,83
156,256
7,191
29,73
305,62
224,26
40,51
59,113
60,45
97,40
4,78
18,186
25,188
97,82
70,48
21,5
35,24
48,127
1,152
149,47
32,39
194,18
46,330
29,73
24,63
246,69
32,67
26,76
18,172
61,54
50,97
15,20
12,159
12,318
161,164
74,60
56,54
342,67
27,54
1,158
31,84
54,124
123,215
45,39
129,15
34,70
98,24
103,184
100,32
60,18
191,67
109,40
53,122
7,57
20,35
19,72
87,85
191,173
477,81
4,256
32,118
42,25
39,173
15,385
224,201
70,146
29,16
33,56
11,79
5,16
21,21
132,47
302,188
27,84
119,256
22,270
77,28
384,103
118,55
190,73
48,201
89,52
4,33
12,108
21,36
52,93
40,36
42,26
28,92
29,36
35,64
8,73
4,58
18,66
36,105
86,76
31,51
14,74
4,22
154,40
15,104
51,94
33,184
25,46
0,232
47,8
37,60
24,61
14,48
25,92
22,18
126,215
106,43
43,7
89,233
49,177
21,64
67,34
27,31
168,31
23,189
60,26
46,60
166,46
54,24
77,301
352,90
5,79
75,23
21,206
50,40
57,53
107,6
31,52
46,34
302,374
90,83
22,159
56,22
18,37
52,16
15,37
50,145
217,39
318,122
55,48
38,57
108,27
145,48
27,15
83,58
286,113
14,54
260,489
64,18
21,41
78,138
56,293
107,50
13,316
24,90
132,85
45,158
160,228
39,85
23,104
44,273
47,34
38,113
45,43
36,22
6,53
56,115
63,41
54,118
44,148
61,116
50,48
116,123
477,396
27,39
73,42
24,58
198,73
12,99
2,112
129,12
51,16
18,112
30,201
69,184
15,46
42,64
166,136
18,36
77,53
19,32
57,95
148,49
26,215
68,111
150,47
161,231
162,78
14,33
30,35
49,40
40,38
57,457
106,80
32,135
96,63
98,86
104,41
141,58
128,70
40,137
70,69
138,17
58,87
33,108
68,37
447,384
40,13
124,166
34,138
29,133
56,33
130,384
38,91
30,32
1,16
68,60
48,72
121,42
10,59
345,112
29,41
14,33
28,73
41,234
9,35
55,156
29,54
102,37
97,382
86,22
71,19
28,215
27,60
2,49
52,40
165,70
81,83
18,66
42,385
125,280
74,63
73,89
22,221
85,94
5,62
50,49
83,115
185,27
75,20
98,15
29,151
109,20
78,218
14,41
85,31
36,36
65,86
136,81
27,83
39,300
223,31
60,120
101,66
48,125
287,33
2,266
55,18
135,208
34,29
49,36
55,110
29,28
210,28
185,62
208,96
29,22
45,186
53,31
130,73
80,136
191,105
24,58
108,42
229,234
48,198
104,64
73,401
25,45
12,49
24,47
159,59
64,61
160,318
142,99
94,135
26,125
386,60
25,18
5,110
8,37
222,60
155,34
48,65
57,118
176,80
52,107
29,139
48,56
95,42
21,332
5,20
16,86
6,54
74,36
74,240
71,35
25,97
53,151
2,29
92,155
94,39
72,32
161,57
27,53
71,29
0,220
26,62
167,60
112,5
50,57
195,489
64,40
26,48
51,60
45,57
113,71
115,139
125,20
16,45
52,40
71,108
127,78
73,75
264,162
54,76
105,32
59,137
21,71
185,59
14,49
73,19
143,102
68,272
95,42
35,141
104,52
24,188
140,73
39,38
15,50
32,131
12,65
37,85
208,60
49,7
128,149
375,52
295,137
87,252
20,125
55,60
198,51
37,47
83,33
176,50
7,44
104,38
147,20
246,37
82,112
32,25
64,114
54,22
116,47
40,65
97,31
77,139
54,85
30,93
103,276
107,223
176,20
30,20
102,188
10,160
28,73
425,96
70,87
162,40
80,33
8,166
252,71
72,30
100,312
37,226
53,396
5,52
158,23
85,23
56,171
99,152
22,75
81,55
100,15
185,23
263,70
21,137
32,173
287,457
50,186
18,11
79,36
32,68
54,111
183,82
149,50
45,36
158,27
27,343
28,489
12,55
30,16
34,33
97,41
190,66
58,119
384,99
58,13
160,79
15,77
73,41
161,118
115,155
27,50
37,27
35,75
5,5
25,60
20,318
66,62
33,34
90,5
16,119
104,78
53,33
18,62
22,31
181,158
97,21
97,31
25,72
32,53
146,63
84,76
216,62
13,119
52,40
43,35
5,38
22,105
35,435
47,87
190,212
56,22
43,47
141,123
45,313
8,58
10,68
10,39
106,53
290,24
30,100
108,435
31,193
5,107
37,272
46,31
47,31
45,21
190,52
160,120
33,60
55,48
38,64
320,210
52,135
21,83
26,8
40,5
16,34
85,0
126,66
3,146
31,45
63,84
105,157
1,70
114,122
44,32
119,172
26,125
56,15
60,117
185,57
364,29
141,81
89,33
287,73
14,46
165,125
35,138
52,34
92,52
106,100
5,51
38,46
194,94
42,31
17,39
48,113
113,23
74,26
23,64
43,76
89,29
44,487
111,30
71,221
60,52
21,66
85,26
28,45
176,61
308,116
108,332
80,50
25,237
20,109
75,44
148,29
121,78
132,74
121,237
104,165
34,49
53,59
80,77
76,159
66,31
114,47
63,11
383,75
314,9
233,119
47,51
50,86
43,40
56,128
84,116
59,46
160,166
116,37
85,31
62,119
41,37
216,116
18,23
76,40
19,106
115,39
14,84
8,21
72,40
73,88
51,31
43,96
7,30
37,294
22,321
106,63
60,31
114,21
291,108
2,54
56,88
73,114
29,138
38,40
24,22
39,201
306,18
64,34
71,31
48,186
146,26
34,50
161,65
40,454
5,8
293,307
44,82
330,42
49,394
30,343
65,123
101,38
314,45
81,143
264,47
21,17
304,17
115,111
187,113
376,95
24,164
64,20
21,40
7,54
50,112
37,103
24,65
34,72
17,21
2,40
255,85
148,105
113,54
9,454
37,36
167,205
35,125
89,337
32,32
34,26
60,52
62,139
55,35
128,116
167,178
191,294
161,22
35,85
37,241
141,64
479,5
364,179
246,51
43,82
16,355
152,48
30,68
104,52
131,106
43,30
180,103
54,51
90,74
161,38
5,37
33,454
93,91
106,79
90,10
25,19
264,136
36,215
30,50
192,62
40,25
71,246
27,37
21,123
57,89
489,28
75,50
258,33
32,23
51,39
10,75
33,97
69,23
44,160
116,19
78,83
437,67
48,107
71,62
192,22
80,374
47,93
150,96
45,123
41,78
98,29
145,32
280,225
333,113
143,41
57,57
62,114
80,5
35,64
18,84
81,26
10,99
305,134
59,19
63,96
5,202
173,16
297,43
64,232
224,200
160,72
115,23
262,139
106,207
109,83
92,54
24,67
82,107
71,83
206,92
28,79
123,41
16,109
109,81
21,32
17,56
263,227
72,112
43,82
239,45
323,118
48,94
39,78
27,93
178,68
56,249
73,52
136,66
40,85
76,67
68,62
364,124
27,337
45,50
42,40
45,78
7,146
134,207
140,71
4,189
262,90
299,340
53,96
61,56
51,226
208,46
48,40
8,168
148,70
9,27
10,119
57,41
114,51
83,12
222,20
444,68
11,146
149,55
13,31
163,240
262,73
107,72
64,73
50,139
72,123
48,55
147,36
86,31
39,27
19,19
9,29
97,127
60,165
129,343
74,34
42,74
126,64
37,31
23,47
425,43
22,62
77,28
37,116
34,179
40,23
50,54
48,45
37,414
23,83
61,34
4,21
33,36
47,43
293,25
137,78
177,45
32,33
25,207
40,43
12,378
21,68
5,29
333,118
34,15
128,90
25,30
304,96
53,289
60,36
7,39
38,88
40,447
25,80
51,60
106,78
22,35
5,57
46,102
18,56
57,119
114,34
70,23
55,57
141,32
101,74
87,42
11,99
205,49
106,32
56,201
73,46
69,220
42,214
37,42
1,92
174,10
89,166
130,59
56,499
262,98
64,75
8,24
101,29
140,31
68,18
30,46
28,119
158,94
48,206
59,61
68,38
24,57
40,8
27,78
21,136
69,66
38,27
144,38
65,54
52,97
20,68
167,189
57,105
119,29
142,53
98,20
47,135
91,85
21,304
32,177
78,200
36,46
12,32
27,54
107,184
68,154
46,360
83,78
53,96
226,39
43,30
106,22
94,3
106,130
40,40
45,55
49,18
107,73
191,41
30,40
90,76
223,58
291,39
19,21
13,78
54,196
279,63
35,68
76,80
138,63
30,15
52,138
33,186
83,95
216,97
49,93
105,181
2,172
270,46
23,74
60,177
148,103
14,69
49,330
21,135
12,62
162,58
43,41
35,61
220,46
36,92
17,101
162,18
400,37
400,54
27,70
36,61
85,118
167,33
156,303
112,74
291,75
115,34
20,75
45,125
42,30
124,72
15,21
0,49
136,249
130,31
14,116
20,159
9,119
56,5
36,42
38,123
163,54
34,107
10,59
61,130
22,249
27,99
79,44
158,22
260,38
70,44
33,137
103,97
32,33
3,62
108,150
80,70
34,89
303,34
56,60
140,44
49,73
52,78
72,205
131,51
119,50
178,38
39,387
91,38
107,20
270,115
148,116
73,44
7,41
149,29
10,50
320,73
65,78
53,201
136,103
7,30
73,84
57,24
107,162
32,66
56,136
168,61
17,58
50,39
89,196
264,110
66,31
41,51
32,36
302,70
52,30
84,81
150,151
13,51
23,48
150,76
208,66
23,68
1,26
55,184
215,76
15,50
8,96
60,50
69,34
78,44
21,8
25,160
68,125
10,379
86,150
17,147
4,47
60,99
11,93
31,44
35,42
1,131
44,30
74,72
84,56
124,49
31,313
103,94
23,87
135,92
260,31
110,62
35,39
128,65
53,84
287,33
12,29
37,38
48,18
49,78
7,80
37,37
36,30
7,22
31,48
37,50
176,202
14,59
48,46
24,45
106,83
174,81
59,198
374,17
109,66
422,64
63,208
37,218
33,75
160,158
143,20
89,26
121,80
50,73
36,108
108,29
46,136
126,62
78,87
25,27
64,39
109,80
56,11
80,32
33,31
25,205
377,68
57,61
68,29
27,62
231,131
89,156
60,20
32,113
18,146
73,37
80,173
58,119
12,77
74,34
125,307
71,43
20,186
5,26
263,20
10,57
56,50
112,55
163,63
12,33
198,304
141,38
86,208
312,27
60,68
110,81
306,31
87,58
94,234
101,33
188,243
188,374
84,55
145,48
35,8
295,65
58,36
41,98
57,68
59,83
26,24
31,34
72,111
52,120
64,106
3,151
107,61
26,36
6,6
231,99
416,76
156,27
52,62
72,27
56,28
109,26
196,88
36,60
55,11
69,184
104,93
9,136
32,64
95,34
89,39
91,54
216,95
32,37
38,57
56,74
86,65
98,330
19,18
215,24
438,49
56,108
60,38
56,31
26,67
327,11
33,63
58,73
50,189
65,60
77,59
19,340
78,50
4,58
97,266
29,59
31,83
295,95
53,47
38,252
218,99
138,77
71,29
95,312
28,52
198,120
150,68
215,206
48,112
191,35
74,33
19,70
75,58
125,27
44,70
312,38
38,64
26,31
103,23
103,61
21,75
68,147
49,45
73,303
145,32
125,44
358,52
21,21
57,48
64,53
45,111
14,112
31,11
60,43
105,58
47,54
163,111
299,26
45,12
22,82
58,29
82,50
17,332
26,46
83,15
2,56
12,65
23,29
83,29
136,50
125,55
89,52
97,151
177,375
64,49
44,8
136,172
13,27
71,16
47,123
40,66
294,29
84,51
45,87
306,39
104,55
129,38
26,80
91,114
104,82
108,72
29,45
60,321
50,136
188,144
50,194
64,343
79,57
377,5
22,32
26,120
11,67
23,46
2,138
65,145
12,85
64,432
70,79
169,95
42,113
5,45
34,35
40,66
167,19
86,313
312,375
65,117
391,62
477,70
36,33
21,58
48,43
26,36
98,324
12,177
7,29
114,74
23,195
88,49
137,303
78,104
215,68
182,70
148,68
41,115
34,90
13,159
52,316
50,20
40,41
85,85
416,169
195,271
62,71
33,23
51,50
134,416
202,432
48,82
28,330
154,47
5,17
47,119
56,16
32,49
52,116
104,8
98,5
80,76
42,46
260,47
55,362
98,94
22,66
27,52
108,42
42,57
96,45
69,189
117,88
104,96
94,110
291,68
37,97
64,337
42,27
56,192
52,195
50,61
18,140
17,81
15,134
88,337
73,82
42,46
10,41
114,23
68,28
128,52
67,130
161,35
25,144
23,194
8,112
83,65
77,23
90,352
97,385
36,26
333,65
60,62
65,61
23,70
59,202
87,22
81,218
5,46
63,20
8,60
141,65
404,65
223,106
51,202
53,200
20,70
43,46
151,197
15,304
67,66
102,27
32,85
34,36
55,45
7,108
104,84
19,66
39,73
37,56
72,90
51,111
129,49
82,386
60,169
138,62
10,129
220,44
47,216
40,25
31,30
87,223
7,31
62,28
86,110
86,32
63,128
31,108
5,90
161,39
279,122
124,136
46,16
87,114
33,81
27,12
89,122
12,33
33,73
364,40
107,15
43,202
29,91
5,34
34,157
40,57
91,37
136,294
97,54
53,113
165,290
260,256
45,416
74,60
25,273
63,106
32,8
97,57
28,11
372,24
88,166
93,47
86,23
47,95
12,56
93,138
319,118
94,62
51,393
215,56
65,50
62,20
104,13
26,144
8,60
92,60
89,51
87,208
27,0
447,60
73,15
83,22
141,15
10,113
55,151
33,146
27,3
83,76
264,40
127,228
73,8
84,47
23,104
68,32
104,52
208,64
134,140
160,157
45,75
29,145
31,3
3,86
62,51
105,41
101,23
30,48
29,69
352,161
58,15
2,33
444,333
233,88
74,100
137,53
65,52
27,134
125,55
123,107
162,220
36,63
53,78
21,15
171,96
86,29
63,67
19,87
27,81
56,87
108,32
174,155
63,69
202,232
1,57
68,176
191,2
129,50
35,28
26,61
161,70
214,296
140,55
87,94
75,394
20,100
20,100
51,92
42,77
21,362
286,52
128,27
62,80
36,272
386,387
10,330
100,64
40,114
18,40
15,328
57,18
68,38
56,65
320,432
31,65
74,224
194,146
16,29
25,62
0,65
11,31
86,151
156,37
48,85
345,218
21,52
127,66
294,70
40,157
270,143
19,39
87,49
81,39
68,201
34,123
33,51
40,56
14,6
223,67
52,78
147,205
48,92
36,410
11,52
89,45
87,63
144,30
27,57
59,90
26,22
40,32
26,86
35,184
61,98
161,307
141,15
39,109
61,73
31,20
40,92
26,20
36,42
49,38
26,26
126,5
127,241
114,8
91,22
81,113
51,32
35,220
183,70
202,352
38,34
51,13
125,58
17,137
74,73
50,51
61,39
110,96
89,114
50,124
38,236
162,22
156,151
18,89
33,205
306,74
29,305
113,386
11,57
2,56
6,59
124,173
32,303
176,56
47,36
55,57
73,34
51,41
47,205
43,57
43,118
19,197
141,204
87,36
49,36
16,56
222,20
56,0
10,42
110,25
368,111
10,115
447,32
8,19
35,75
261,31
35,33
62,87
26,46
39,231
198,226
43,52
4,33
186,210
65,233
42,85
108,52
32,91
41,80
16,91
192,8
40,26
124,116
190,61
10,78
68,111
261,37
55,23
44,107
149,140
65,322
0,26
52,487
43,112
56,112
108,268
8,43
21,38
27,90
171,58
30,106
27,41
56,87
52,153
149,241
37,343
114,21
12,128
62,104
27,17
10,118
125,106
29,249
39,123
22,75
5,393
29,62
110,51
67,13
0,26
105,94
136,23
173,151
202,116
90,72
416,93
41,303
50,40
46,73
18,126
138,138
35,32
8,64
64,208
104,133
223,374
44,36
15,125
191,266
368,77
28,113
73,172
73,75
364,38
303,50
73,99
38,107
5,15
61,36
124,118
21,215
60,55
69,38
293,47
96,27
97,201
107,70
36,113
294,52
87,340
99,249
134,78
32,38
81,315
194,84
15,56
97,55
41,95
15,83
46,96
74,21
7,49
75,104
70,78
308,131
58,15
107,39
39,130
18,57
52,117
22,21
101,70
10,82
37,54
115,343
46,30
155,136
77,66
69,62
76,52
86,27
102,59
25,40
76,144
358,21
40,34
31,87
27,81
26,73
74,27
93,75
90,29
10,113
42,46
12,232
40,57
75,44
104,37
305,173
231,27
63,61
27,65
56,41
29,396
63,107
52,280
12,2
0,37
364,40
89,39
70,63
10,83
90,280
185,352
29,108
100,10
74,249
22,70
147,70
41,57
191,75
22,106
215,382
3,360
70,59
69,29
24,51
76,37
70,5
51,66
30,29
65,300
220,78
51,46
25,82
126,45
63,118
45,212
113,56
161,134
214,201
24,62
22,215
89,96
26,65
56,61
86,44
121,27
216,81
59,37
66,50
18,48
147,69
25,48
32,153
84,74
91,10
116,21
32,98
58,352
50,426
283,23
96,81
71,36
49,177
94,119
12,153
134,29
22,59
91,93
20,28
65,32
30,78
71,218
14,63
23,59
5,46
54,44
49,25
96,54
93,11
106,177
20,31
17,31
56,87
28,20
46,55
115,37
97,140
36,108
51,34
12,93
42,50
36,138
190,26
260,42
56,68
83,76
37,45
99,57
100,125
1,10
226,78
10,73
35,77
22,62
30,31
75,215
36,39
75,60
33,67
1,274
17,394
72,210
27,31
113,40
53,352
42,62
62,50
46,230
294,112
27,426
136,20
36,27
10,112
176,95
86,35
8,52
56,65
29,137
211,56
82,68
163,186
36,67
9,37
48,57
177,20
142,50
77,393
49,205
73,29
63,47
74,8
47,33
32,36
50,193
54,90
64,38
8,146
22,123
264,69
80,88
171,41
89,92
45,88
84,69
33,22
53,59
35,205
242,38
96,36
89,39
177,206
72,31
10,67
10,36
105,48
43,93
97,300
447,32
38,70
42,151
14,34
30,71
262,32
101,35
11,56
24,39
103,37
47,72
39,274
5,110
36,115
31,82
114,64
43,171
15,56
101,36
46,136
220,78
20,46
479,396
178,65
198,62
444,125
93,68
12,75
129,91
383,143
37,119
63,23
39,29
174,35
51,149
31,48
36,200
54,66
86,25
200,59
114,63
305,234
17,63
53,191
19,113
5,193
14,32
156,50
45,42
46,249
374,26
206,145
10,45
95,368
180,337
47,166
47,186
96,17
114,15
45,24
29,85
108,22
71,145
162,114
32,40
25,48
2,184
52,176
365,20
25,26
50,20
133,28
10,271
22,191
56,49
47,116
59,138
141,83
135,32
75,30
25,10
106,82
143,70
295,101
26,33
229,79
364,47
48,41
18,122
293,37
51,28
115,151
89,21
215,61
48,81
8,28
24,20
147,106
96,93
81,53
119,58
181,34
61,137
43,38
290,24
35,178
30,75
190,74
43,321
35,57
284,93
86,38
37,61
29,307
13,62
127,27
7,82
10,105
22,126
15,96
33,39
54,105
45,99
125,18
11,44
78,40
422,158
35,256
50,47
302,101
85,63
58,37
54,23
12,266
4,55
15,45
51,401
106,355
102,76
190,81
19,131
216,374
71,22
36,116
31,40
438,74
17,29
40,38
30,29
25,301
22,45
422,119
101,63
19,32
49,45
30,22
14,58
43,32
114,72
14,73
52,27
39,45
107,149
98,139
68,10
71,60
113,53
261,221
62,45
226,184
125,35
50,28
135,49
70,40
16,162
36,29
24,6
425,454
108,176
38,117
38,83
32,112
39,40
10,100
72,97
47,79
136,35
35,66
12,29
9,46
286,21
39,110
54,28
107,178
97,73
63,62
210,48
52,52
74,84
35,26
70,84
90,76
242,70
53,123
119,124
37,75
32,29
384,43
76,149
81,41
45,39
52,172
161,140
6,116
145,105
55,74
34,20
24,21
128,50
242,69
84,39
74,75
36,161
37,34
17,65
36,37
37,127
447,34
65,49
47,310
48,42
131,82
19,75
2,62
55,63
65,65
375,85
25,42
31,32
69,60
14,170
122,181
56,208
42,84
83,53
77,2
148,151
21,15
191,62
29,52
52,99
32,118
52,119
56,38
239,78
77,86
25,139
49,274
65,57
7,173
21,32
12,337
32,30
55,129
49,128
74,40
149,26
27,256
141,84
43,226
74,21
52,126
72,14
211,45
111,11
66,11
76,60
16,50
156,125
19,43
36,25
33,93
163,63
1,118
97,42
82,44
128,58
98,22
101,32
10,12
33,113
41,53
99,35
113,124
84,15
43,115
33,250
42,60
76,118
129,28
52,159
71,128
107,184
83,80
35,99
65,121
34,6
20,58
39,65
61,141
105,26
8,123
78,39
9,48
115,85
98,44
53,90
239,29
65,139
90,37
179,46
260,45
110,340
59,171
5,324
85,115
242,106
215,40
6,33
137,88
127,107
5,73
31,152
15,19
41,101
24,137
114,81
135,83
127,104
82,101
123,29
89,96
63,37
47,173
73,74
109,31
160,20
311,20
184,158
57,123
57,116
204,81
37,80
206,76
109,43
135,41
85,132
80,11
129,212
266,37
112,53
80,57
102,97
64,61
25,106
384,17
36,140
89,131
177,34
177,218
184,17
300,311
25,93
44,24
115,58
73,343
111,125
18,37
78,166
37,31
374,67
23,127
97,34
231,95
116,35
96,252
182,250
437,201
17,53
33,36
25,31
227,77
41,314
34,29
76,35
27,39
80,40
115,99
37,305
58,114
15,52
72,116
52,322
145,92
327,51
107,35
308,120
318,114
32,122
131,43
31,56
27,27
51,7
18,83
5,362
91,88
55,82
130,85
142,34
31,68
7,37
32,138
63,9
15,34
36,17
5,171
134,64
12,52
327,107
22,70
70,188
87,93
63,31
119,153
96,14
129,110
21,122
55,31
82,169
48,181
311,6
70,352
38,124
130,76
19,318
36,58
64,51
68,103
78,241
88,273
30,72
6,48
314,52
167,20
50,87
106,47
27,22
82,16
21,5
28,46
20,58
162,212
14,69
115,12
62,352
72,75
101,57
218,426
4,20
8,52
48,374
113,300
47,99
91,30
43,77
115,48
49,62
5,49
3,39
160,108
121,65
61,26
208,171
31,46
34,118
26,145
24,46
15,36
444,311
23,31
13,53
76,96
27,82
72,85
156,30
178,84
55,30
52,39
12,56
54,63
50,66
29,218
29,29
10,79
91,17
72,57
66,273
63,243
85,43
171,105
52,169
25,59
4,266
223,90
5,90
167,116
80,17
96,34
82,340
391,21
7,130
350,32
50,97
17,75
107,80
29,94
129,43
62,33
52,33
12,110
38,55
102,177
320,25
12,76
105,22
71,31
43,234
81,66
50,201
60,249
47,50
7,16
65,47
72,54
105,70
10,32
38,45
35,30
236,32
37,355
71,44
78,210
60,432
118,124
95,41
22,112
29,40
116,81
306,147
13,8
127,52
29,324
165,71
7,23
176,70
36,19
68,50
213,42
53,166
21,32
72,426
1,18
230,362
56,9
18,153
32,252
87,21
17,65
78,29
148,128
131,151
12,63
36,136
7,51
66,7
22,231
135,76
22,20
1,32
19,34
36,204
23,78
97,81
109,115
97,196
50,322
154,125
4,67
21,95
52,70
19,21
96,191
72,9
95,58
14,42
287,177
32,135
81,54
124,75
11,153
167,146
49,374
47,125
76,126
110,58
71,47
19,39
352,53
125,75
34,171
61,59
152,72
7,58
1,116
447,62
26,9
128,65
33,265
236,168
41,106
65,114
37,51
94,85
82,146
104,20
52,118
48,78
63,34
63,115
60,44
96,123
86,42
142,20
4,33
113,54
182,50
14,57
24,11
48,41
160,20
32,76
305,108
383,181
102,34
36,316
73,9
73,11
40,57
27,416
40,330
22,45
293,146
160,101
30,76
18,96
64,417
68,168
88,24
50,32
58,160
11,218
177,76
77,46
73,118
42,332
66,70
42,139
104,38
52,65
25,332
8,45
70,18
19,68
30,76
61,26
65,67
10,97
89,170
48,45
70,26
37,119
50,62
29,136
58,62
35,343
31,83
128,61
64,111
32,170
21,77
22,8
61,44
54,85
41,122
113,86
221,39
30,19
50,65
50,37
198,303
76,18
78,13
63,30
97,72
33,117
35,12
167,31
103,72
56,42
72,45
40,68
39,33
41,119
5,133
8,9
23,120
2,31
109,137
214,168
89,144
68,46
84,50
83,26
32,128
67,36
5,189
55,120
22,15
14,114
80,84
75,246
261,34
35,78
125,195
79,123
53,20
17,103
36,130
10,59
42,72
149,10
8,32
477,39
63,74
85,138
39,22
101,10
96,89
52,62
200,20
115,32
84,168
86,42
47,313
90,110
18,100
242,37
68,63
30,12
35,5
58,181
52,77
23,55
7,50
29,52
106,40
69,126
183,44
75,63
20,79
78,148
46,5
56,153
12,75
84,36
89,65
70,67
28,30
52,20
33,176
19,38
108,181
81,88
106,29
320,130
188,145
108,35
55,72
1,93
184,112
43,67
90,70
90,28
68,184
327,37
64,83
4,35
24,44
256,45
65,30
51,64
21,151
40,296
156,8
156,111
26,30
302,60
27,35
59,52
35,125
129,8
50,77
3,65
127,90
40,69
90,16
51,154
39,57
39,73
77,82
42,78
80,54
154,101
36,432
19,218
139,48
29,114
1,56
2,140
50,105
97,62
39,64
182,24
320,83
47,47
181,39
107,32
95,52
19,110
42,65
168,160
16,33
47,34
107,35
19,55
44,93
136,87
4,104
28,93
48,41
44,124
48,12
86,54
30,37
295,55
56,47
60,46
13,140
114,36
11,16
98,97
58,454
83,26
163,49
223,48
49,103
107,136
41,53
84,57
129,62
21,32
119,16
17,70
342,87
143,51
3,189
25,100
40,45
84,26
28,36
345,52
31,62
49,73
0,43
57,79
95,63
11,82
55,70
103,119
38,25
20,68
44,36
88,67
29,70
26,166
312,115
330,114
21,29
31,147
17,175
68,78
31,71
26,200
16,362
73,134
304,164
106,127
29,85
85,83
32,76
83,60
65,83
48,208
223,63
49,378
32,196
73,40
47,125
110,414
36,61
270,24
119,215
33,71
26,9
17,70
70,206
22,177
60,48
29,56
60,201
126,53
130,37
242,70
32,32
40,67
96,177
34,110
171,14
117,62
37,95
69,41
47,47
19,48
99,34
29,204
352,20
82,53
217,30
25,98
123,121
39,20
42,96
42,141
115,32
35,107
141,14
55,48
66,70
67,112
133,96
38,144
284,166
7,31
83,124
30,87
51,42
79,29
236,35
96,29
131,80
66,63
12,44
141,96
489,40
114,37
174,117
365,57
81,55
60,273
68,42
148,69
128,46
76,58
119,94
52,108
43,39
302,233
148,75
113,20
63,67
125,90
33,129
69,92
118,25
48,27
14,115
23,93
104,107
32,31
72,40
32,107
88,68
47,47
136,20
132,131
98,316
64,122
12,112
54,124
38,208
447,41
76,61
182,65
35,5
162,41
36,188
52,72
48,54
80,118
18,321
211,155
11,73
105,129
2,32
224,61
58,50
103,125
174,46
60,56
416,115
11,31
40,117
142,69
45,31
34,138
22,113
98,48
93,119
132,160
63,83
103,44
195,86
1,33
130,37
2,11
198,104
20,27
119,53
0,22
53,22
74,26
128,49
86,40
73,104
29,8
489,65
3,94
112,87
106,41
56,32
113,50
28,37
37,216
66,84
29,250
306,173
59,99
28,48
121,52
134,53
118,27
163,107
200,25
37,148
489,66
62,41
43,42
67,20
134,14
104,73
54,28
59,111
51,22
68,195
74,150
214,27
43,224
57,61
350,117
34,43
100,43
25,53
416,123
37,76
7,30
45,352
24,58
49,48
186,37
64,18
30,74
256,63
27,85
299,57
5,49
19,183
29,48
47,112
53,313
90,35
160,55
167,62
24,107
57,20
77,47
156,35
56,47
2,37
113,62
42,24
43,374
57,29
7,17
48,23
90,225
55,61
65,35
29,16
65,50
37,32
48,36
52,48
49,96
60,75
80,312
68,43
322,233
78,122
15,40
28,20
7,63
130,52
46,86
48,65
22,67
115,30
24,305
16,17
55,189
137,79
26,123
52,35
39,111
25,90
16,60
239,114
142,29
4,46
45,19
78,81
31,127
112,22
262,62
98,65
106,99
87,73
4,271
49,22
63,83
19,93
444,138
191,105
62,77
21,237
7,52
74,30
47,27
37,135
54,5
32,157
111,26
64,3
87,64
56,201
84,65
137,385
74,70
1,74
12,59
56,146
45,265
21,70
0,155
240,32
177,237
105,56
1,215
27,125
14,70
290,113
21,78
108,27
198,35
19,113
7,92
352,11
87,311
97,122
74,128
5,181
71,52
48,28
50,43
163,184
21,80
115,103
86,322
425,35
73,35
181,20
68,134
80,76
150,63
66,368
62,93
25,27
384,65
14,75
151,166
73,14
1,87
139,158
295,28
40,118
42,31
279,225
31,40
215,37
94,9
52,200
35,20
33,43
364,29
69,27
373,70
36,37
163,67
164,42
41,43
68,95
101,68
37,54
124,61
383,93
150,40
23,44
21,116
156,125
44,53
48,56
19,38
98,157
169,74
294,33
43,39
108,52
48,188
330,49
40,147
123,31
11,11
77,262
11,73
107,139
23,92
4,76
154,164
262,169
55,184
109,343
86,73
215,25
36,52
63,70
39,200
70,22
154,67
55,310
26,46
38,24
56,307
68,145
5,20
84,37
59,72
98,30
31,2
10,158
77,46
30,207
28,303
364,31
72,11
4,27
76,36
290,62
51,46
58,117
103,134
103,25
44,30
99,24
7,131
187,112
83,78
23,85
40,70
67,101
197,387
14,131
108,58
54,14
178,18
40,120
25,46
39,72
27,186
364,73
87,37
29,68
297,65
1,13
27,25
51,22
103,61
52,18
205,36
55,94
168,171
81,103
96,60
50,316
113,37
39,266
167,98
437,19
61,305
43,53
28,118
52,119
34,39
47,83
323,107
30,70
222,38
48,53
333,37
40,58
20,59
145,50
10,51
322,34
86,67
10,151
19,85
22,61
51,164
24,190
128,27
22,57
27,81
65,29
44,100
52,118
223,37
195,97
12,31
50,35
115,45
24,65
30,100
109,5
45,100
1,54
181,83
16,177
17,151
12,61
140,168
161,7
55,52
26,57
40,17
5,21
128,118
18,76
22,125
28,135
139,14
143,49
147,20
37,116
23,24
62,39
12,17
36,62
56,97
145,38
29,9
162,106
22,91
115,148
36,45
64,78
55,51
89,113
112,41
5,305
86,38
9,75
14,208
51,50
131,146
24,67
52,189
5,110
184,318
25,16
48,54
75,59
21,106
41,36
306,68
27,42
195,166
18,136
90,125
141,95
143,65
113,109
27,324
51,51
93,75
41,56
58,103
31,76
29,94
33,101
55,38
57,78
62,42
113,117
24,61
85,135
23,61
38,44
26,78
83,73
27,66
32,71
12,352
23,75
29,103
42,46
88,294
27,151
68,125
28,7
37,119
0,198
6,36
72,26
17,141
7,24
214,17
36,24
42,116
46,152
26,37
110,387
83,65
60,144
220,15
85,33
76,80
55,74
102,29
34,221
93,32
174,117
51,246
113,489
51,25
8,77
73,9
97,18
148,45
87,42
64,256
266,172
103,146
18,52
70,56
118,82
39,20
25,410
46,69
35,84
104,138
58,38
88,44
17,46
48,153
112,69
134,100
345,79
71,113
46,17
12,156
108,14
84,332
27,231
22,52
119,78
17,315
239,27
86,55
17,33
17,116
62,36
176,136
125,28
24,44
52,80
233,140
92,55
17,75
80,25
26,40
140,83
71,63
44,118
150,40
24,100
20,322
154,110
113,208
31,52
61,66
29,83
23,22
18,29
31,96
138,75
23,360
90,48
80,26
15,44
73,96
216,22
191,66
59,46
17,17
98,101
26,233
293,53
25,197
29,24
28,27
97,62
24,138
21,40
103,109
74,33
215,312
4,55
21,14
26,118
106,164
76,40
15,73
10,67
19,157
148,56
30,33
48,417
26,64
32,138
78,171
69,126
352,106
30,75
56,50
103,401
114,125
52,8
46,31
22,272
5,57
118,121
262,66
34,151
17,65
47,40
42,97
15,82
84,17
43,135
34,149
154,26
18,133
14,29
117,139
40,186
319,243
81,123
52,60
130,61
39,158
52,134
36,120
7,63
105,78
80,37
46,41
53,104
400,322
113,11
64,47
7,52
42,329
52,82
2,63
55,60
22,41
32,50
23,48
5,111
100,110
161,107
38,73
42,73
187,374
42,108
55,25
38,94
51,51
111,155
444,82
49,50
98,322
181,165
60,67
57,118
290,42
19,5
40,62
39,61
40,106
128,70
19,87
32,31
19,218
18,131
176,63
60,40
60,119
2,89
14,74
17,20
179,67
143,98
47,35
58,337
75,149
125,73
62,134
66,45
68,98
103,448
26,60
27,65
96,95
131,129
194,40
49,171
102,79
71,33
8,18
116,41
20,38
134,149
33,120
56,63
53,120
32,62
59,169
90,22
12,52
134,94
133,42
45,145
156,337
90,26
11,94
48,41
19,61
21,41
104,74
23,46
35,60
215,25
32,136
126,176
306,55
131,94
2,58
26,226
61,360
51,59
17,20
108,15
62,39
38,133
105,14
64,35
73,83
25,108
90,38
68,50
24,31
286,164
10,126
91,99
65,47
102,96
86,59
220,60
33,75
10,207
14,135
364,98
40,124
34,65
299,29
261,78
60,74
48,54
136,316
10,88
63,43
171,82
50,30
52,152
24,34
66,189
109,96
3,74
8,32
78,19
33,150
69,48
194,50
138,100
103,40
1,67
56,37
56,53
258,81
23,25
11,22
125,47
22,78
10,64
24,8
377,78
42,360
53,72
26,80
108,61
22,120
43,177
115,70
147,45
190,28
60,41
74,304
98,36
53,45
104,34
36,158
50,38
42,27
22,15
165,49
98,36
438,86
68,316
125,72
10,246
70,133
16,39
425,37
10,29
4,47
26,23
2,59
83,67
77,60
290,249
128,352
205,34
86,69
27,53
27,67
33,161
136,414
31,36
54,125
37,225
73,83
53,73
8,25
90,67
16,99
85,160
52,19
246,35
97,139
68,93
16,44
22,226
34,159
134,123
60,289
59,128
37,17
83,52
183,61
33,93
75,75
127,99
19,106
26,31
30,57
0,77
78,171
447,57
106,223
130,125
97,146
377,85
37,61
30,34
106,34
154,40
145,53
63,52
98,43
44,45
79,158
51,123
11,129
174,26
55,65
42,176
36,58
76,150
12,48
51,36
174,123
136,98
75,35
71,116
36,107
44,47
246,58
30,227
5,29
67,31
25,118
116,63
55,64
53,30
129,44
101,124
135,93
154,121
54,487
19,52
42,81
5,194
60,252
30,208
27,160
255,114
40,41
31,58
121,136
145,48
63,31
158,65
63,207
87,105
31,84
23,22
130,352
1,256
67,41
372,115
33,26
107,45
229,101
126,329
407,97
158,41
34,71
400,59
138,53
66,63
306,195
10,44
89,5
48,39
73,55
26,20
109,140
45,68
15,171
58,172
30,113
44,46
216,101
65,49
223,52
100,70
374,215
95,33
75,96
37,197
44,175
40,27
94,160
4,21
34,53
50,8
444,78
69,47
100,401
39,66
41,20
30,13
5,192
1,116
162,294
42,139
54,47
73,73
35,67
40,71
116,63
196,51
60,192
41,50
35,138
40,155
210,63
40,49
50,58
216,273
61,17
16,101
18,119
14,23
17,30
71,66
14,70
12,55
48,77
60,36
49,70
69,68
110,138
39,17
28,64
56,49
21,22
16,21
82,15
41,19
16,45
46,172
18,37
24,66
107,72
15,42
161,39
109,32
47,51
45,64
86,333
33,88
156,29
24,64
211,45
49,10
181,38
70,38
63,62
293,43
142,42
57,90
40,46
8,318
23,34
42,131
311,54
391,195
26,45
30,130
156,144
84,107
65,52
46,83
19,197
202,201
83,374
70,56
2,59
41,94
51,107
28,35
43,78
192,48
22,70
65,66
24,35
98,22
327,38
112,52
45,43
33,56
97,70
178,61
33,68
97,66
19,57
47,63
55,82
28,33
37,110
25,78
63,84
110,140
24,134
60,62
22,54
30,36
26,49
6,10
17,99
50,75
64,50
134,39
68,124
25,14
10,44
93,114
384,85
77,31
108,28
9,151
36,38
36,40
60,31
76,151
29,126
31,53
18,16
63,29
111,232
1,42
5,53
66,125
18,20
56,141
17,32
38,75
22,379
84,79
78,37
22,72
95,62
404,85
35,30
107,10
38,46
22,78
65,51
25,116
124,31
7,6
161,18
18,177
89,7
55,13
97,26
156,51
40,305
23,59
50,12
46,65
90,73
86,134
97,28
159,90
36,31
35,93
202,119
90,117
32,28
19,201
19,34
130,60
34,201
69,146
59,66
21,63
26,43
48,32
71,170
10,64
156,31
108,93
215,200
46,26
138,36
13,35
147,39
44,15
129,59
109,17
25,21
184,16
61,27
19,173
29,27
140,92
19,60
208,300
59,38
137,305
43,105
224,70
141,154
342,61
118,45
98,233
46,98
82,35
28,45
106,33
35,89
17,151
58,63
104,111
311,71
2,85
17,145
2,68
16,79
52,118
39,200
134,90
143,40
2,151
88,62
29,96
44,137
22,57
306,25
139,10
21,88
138,92
239,206
27,119
53,65
91,184
258,35
48,90
43,36
19,128
37,51
39,35
32,22
26,113
127,150
31,73
17,112
342,33
63,35
37,137
24,11
86,45
97,37
143,79
17,61
167,60
5,73
279,129
64,46
33,32
86,62
156,86
141,24
68,34
373,200
12,71
97,37
42,93
67,85
57,53
60,177
479,31
5,86
68,59
90,65
118,74
24,78
41,35
63,33
50,50
109,311
166,107
110,45
87,69
36,94
24,57
86,80
83,149
25,135
49,374
27,21
129,82
26,36
4,58
25,78
36,125
9,195
96,54
71,23
57,90
30,50
99,21
125,179
25,10
34,66
89,57
48,78
16,119
23,241
227,54
1,85
43,43
45,210
69,130
35,50
174,183
61,129
146,61
104,37
38,26
82,189
10,73
55,55
17,27
129,32
129,109
24,33
48,47
65,173
52,177
5,62
28,41
113,35
121,231
6,151
71,154
141,61
31,60
85,70
5,72
56,138
130,23
87,322
10,54
90,73
320,246
125,110
242,45
231,75
40,101
69,47
2,88
35,43
19,108
137,186
127,171
422,62
36,374
246,108
188,109
129,93
52,84
167,39
46,499
19,146
191,62
70,108
188,48
13,129
39,10
80,337
42,73
162,64
82,32
63,43
26,56
41,99
25,39
0,85
44,36
85,105
63,144
62,26
139,55
31,224
25,62
108,37
319,197
44,49
58,45
61,43
58,140
95,96
57,32
97,67
44,75
145,34
48,32
29,76
12,45
125,186
186,101
40,51
100,98
108,48
8,92
96,116
94,42
41,11
50,93
46,75
198,39
161,73
29,138
38,47
58,152
23,73
26,218
2,46
47,204
27,47
12,83
65,34
162,34
100,382
38,105
97,186
108,200
34,40
17,99
108,20
99,92
21,48
5,41
50,8
140,47
29,57
112,42
16,135
26,40
33,62
84,82
116,51
15,41
24,111
143,17
65,61
32,52
88,30
41,48
65,448
17,20
18,3
98,153
36,116
115,103
140,133
27,42
54,24
204,40
25,122
16,70
90,77
12,67
88,93
82,43
53,96
41,280
135,135
33,21
169,123
42,39
113,36
14,35
5,74
143,61
20,113
47,177
137,17
55,111
22,30
13,55
14,33
264,20
52,90
301,181
148,35
163,46
139,109
66,85
88,191
0,29
53,83
61,106
69,11
102,231
1,34
406,227
4,87
30,48
9,333
221,54
162,80
34,42
65,131
74,375
126,312
47,64
9,72
38,305
141,77
62,30
141,61
35,50
105,121
161,86
108,22
23,94
108,65
35,40
287,43
26,88
161,23
37,29
27,19
71,52
47,34
8,20
101,73
22,115
24,63
106,177
386,70
54,232
40,111
16,134
29,36
71,25
166,90
140,47
167,24
104,44
130,36
45,37
74,105
58,190
102,72
63,330
242,226
46,50
0,68
46,111
56,81
89,58
51,62
29,171
305,38
97,352
63,23
132,141
319,107
20,94
86,72
16,30
63,378
105,75
36,50
208,43
198,18
7,57
58,38
86,63
126,65
42,104
167,70
1,44
70,22
40,29
174,54
19,38
58,35
365,27
112,156
13,195
85,33
239,46
13,146
35,76
215,109
57,84
68,454
126,99
42,60
63,16
67,58
73,105
68,52
163,139
30,51
135,159
19,22
77,93
19,47
35,329
20,15
19,95
63,19
68,20
44,138
32,20
217,43
103,30
40,184
18,51
65,19
32,48
255,43
92,117
41,154
1,39
404,64
0,329
75,54
55,72
83,37
54,414
33,252
103,337
124,230
62,194
60,62
86,27
145,61
35,31
74,70
41,116
115,47
48,125
304,82
36,340
46,97
444,26
56,35
16,417
246,70
5,186
286,129
105,37
50,114
24,114
78,328
184,51
75,99
7,51
21,94
211,92
68,383
6,123
68,53
118,17
22,61
25,57
222,55
176,40
110,297
239,426
256,154
31,9
174,35
128,128
138,53
66,115
97,32
78,86
162,60
41,36
80,36
101,60
112,170
26,114
24,48
239,124
83,36
83,435
19,31
76,21
0,62
216,171
69,40
319,5
35,78
31,64
242,36
54,123
130,26
22,46
68,188
226,70
60,70
101,46
184,93
165,116
56,31
12,212
12,137
119,435
25,106
29,316
291,20
65,142
171,53
299,22
145,30
11,81
127,50
130,146
311,50
53,115
21,92
9,95
11,23
6,110
2,148
81,61
6,147
211,14
312,32
308,152
66,55
107,64
77,40
107,25
68,61
30,52
107,50
36,75
30,171
255,21
32,98
12,43
174,151
37,52
78,38
28,55
223,59
50,53
32,53
74,45
35,118
24,42
19,50
13,6
115,246
438,47
156,186
131,165
27,87
55,59
129,487
24,208
49,129
106,79
40,46
85,61
28,41
36,52
14,57
50,83
94,81
140,62
12,196
149,40
156,63
34,125
15,26
148,70
21,119
119,64
66,22
327,39
141,50
31,22
42,62
37,170
27,9
160,151
55,46
342,16
116,54
30,15
144,239
131,5
266,40
62,21
106,360
129,67
162,310
21,150
11,5
99,181
115,50
60,69
14,37
135,104
33,52
47,114
59,7
51,75
40,108
10,100
77,114
27,137
5,26
299,89
5,87
16,74
6,83
145,90
33,96
105,41
54,79
160,139
38,318
8,91
23,112
154,125
87,32
102,16
81,10
68,22
231,40
53,52
51,50
84,76
14,27
33,233
60,195
22,62
76,62
57,37
56,70
286,21
49,125
19,53
27,78
151,73
62,382
18,40
29,74
58,53
16,55
64,35
42,62
14,45
86,29
58,32
31,42
112,37
47,274
113,35
43,224
190,140
223,26
270,78
46,280
305,67
135,65
32,225
48,72
34,29
7,81
38,111
36,58
65,17
204,80
27,32
50,92
67,119
154,129
300,52
38,11
36,92
41,144
39,27
42,202
266,49
57,11
62,43
4,134
71,66
16,394
74,250
84,192
30,294
58,69
38,12
38,48
84,223
372,14
29,73
88,112
145,374
39,171
262,135
50,200
52,53
30,151
45,46
24,81
31,57
42,166
290,53
18,37
60,70
26,171
32,110
39,38
352,39
29,57
129,201
40,46
128,8
171,52
26,65
76,141
90,56
211,47
196,5
85,105
208,32
168,158
9,29
63,46
51,68
69,41
61,41
44,27
107,42
30,33
102,40
2,46
40,447
28,123
110,56
39,30
37,96
65,110
37,104
23,25
50,66
279,225
19,110
4,18
36,173
129,61
1,300
108,62
31,58
30,98
78,52
9,266
138,32
38,252
52,72
56,42
46,48
52,28
30,40
39,48
7,265
103,107
17,126
5,47
26,22
33,96
130,218
130,38
25,160
8,116
224,20
239,35
16,314
133,110
110,118
21,159
27,27
31,120
25,8
101,158
87,31
2,54
306,145
375,175
116,5
163,54
40,65
44,81
27,24
236,70
60,65
222,38
127,135
74,200
136,196
126,146
16,68
82,84
4,136
284,36
26,22
91,159
85,232
136,122
42,27
53,72
18,44
26,44
57,39
44,393
295,84
7,30
52,73
98,65
55,15
103,145
22,48
72,54
126,16
86,25
364,43
205,316
43,57
35,64
37,40
182,101
154,186
27,340
47,181
124,111
28,322
55,52
121,74
41,168
221,44
113,146
5,65
27,103
293,28
141,67
14,112
5,41
40,36
10,72
181,39
5,53
35,61
48,300
104,35
29,79
48,318
27,432
300,33
93,49
74,15
2,32
26,34
305,44
23,45
374,62
306,22
109,6
29,214
306,305
106,10
25,50
19,230
1,191
94,30
8,107
161,61
1,22
2,17
46,94
65,90
26,13
71,63
33,47
30,210
24,29
33,51
83,36
477,76
85,80
43,40
39,16
47,84
51,69
65,50
90,158
342,177
167,6
136,75
40,36
45,17
49,96
164,116
29,41
119,31
115,21
28,34
48,74
65,42
102,62
7,125
55,30
36,183
24,31
39,62
105,72
136,32
37,20
38,29
37,68
35,109
41,94
166,70
48,318
72,66
112,20
65,45
72,44
117,50
128,385
50,41
103,93
68,41
36,54
15,36
34,65
246,103
27,59
161,189
287,355
31,38
246,187
28,47
386,125
10,37
1,170
145,58
96,39
26,93
205,146
86,41
81,144
78,15
21,52
208,146
21,21
47,41
37,79
71,105
140,64
28,11
145,47
48,50
10,98
78,65
159,29
73,192
18,26
50,47
30,80
42,41
27,146
79,56
136,119
38,40
60,83
60,57
48,146
23,116
35,120
15,454
65,194
33,41
73,16
391,15
68,26
16,68
46,79
82,78
83,124
32,29
10,309
304,108
24,142
102,112
75,155
16,67
21,95
14,150
299,55
45,42
36,39
4,127
168,23
124,32
36,123
126,7
63,68
191,41
75,73
181,32
260,30
102,195
50,47
39,42
31,401
11,46
53,435
43,135
76,11
56,31
33,14
43,47
12,86
195,61
35,32
26,37
10,135
58,101
260,18
27,393
49,50
17,112
33,224
38,62
52,212
59,310
76,318
106,123
57,166
291,386
71,374
260,67
57,297
20,22
64,36
195,85
12,50
118,65
51,60
44,100
28,52
231,9
49,58
154,8
255,119
31,31
31,31
61,186
61,15
438,352
54,48
22,38
15,104
36,52
19,61
12,40
37,65
140,57
46,64
34,75
72,117
102,158
115,151
28,136
62,120
48,131
18,52
36,61
25,15
198,81
105,41
52,147
27,36
119,31
36,96
56,22
134,36
190,134
156,82
139,48
66,93
41,14
37,43
56,50
18,232
5,250
51,16
55,10
40,313
29,28
13,303
80,68
477,86
210,40
63,18
306,148
106,171
94,149
106,111
266,141
87,67
101,31
145,46
0,311
101,74
18,79
48,66
85,45
30,91
376,33
65,227
133,41
45,107
128,64
12,42
82,44
32,32
58,417
28,66
42,43
105,155
98,312
215,38
86,65
161,50
86,63
107,36
11,36
18,173
156,125
21,12
30,133
103,36
59,435
29,300
109,95
205,150
115,168
2,81
62,314
25,74
59,8
32,112
489,177
27,232
56,27
73,192
29,25
29,15
154,151
61,103
3,316
13,151
125,186
97,329
52,78
22,374
26,55
163,112
36,51
26,32
42,168
5,31
128,58
45,45
252,111
85,25
75,81
35,73
46,32
71,15
158,300
31,72
65,447
55,58
89,332
186,148
57,139
9,33
55,270
31,113
55,31
38,204
101,232
19,42
191,294
25,249
0,300
364,38
68,195
65,6
113,307
75,62
149,13
3,54
90,75
12,59
43,158
10,75
43,53
40,56
156,129
105,51
180,117
333,112
59,66
156,70
76,69
3,35
181,67
56,140
49,92
115,129
57,79
55,69
68,49
26,96
148,151
191,37
65,176
37,32
12,300
107,47
20,448
322,85
22,113
204,34
167,62
53,105
37,25
216,50
15,19
27,72
53,240
73,194
70,329
66,368
45,32
18,94
27,118
68,88
36,256
85,43
190,60
16,95
18,41
77,99
13,46
27,56
102,42
57,124
18,77
68,37
46,93
66,83
80,80
61,28
90,36
5,41
29,34
43,126
100,155
60,21
17,33
12,94
9,59
58,56
54,66
54,37
38,171
64,161
78,108
477,60
107,195
40,393
51,59
18,32
30,120
99,143
21,56
38,40
20,26
27,70
75,116
295,22
12,118
23,22
85,171
45,7
30,32
38,40
97,39
40,95
141,164
31,68
106,66
27,24
208,116
63,214
24,50
37,125
131,159
198,35
36,20
65,112
45,11
216,75
97,96
115,81
38,343
114,42
65,205
10,45
21,280
93,30
17,268
52,65
150,239
27,48
42,112
162,99
29,69
26,23
45,44
86,56
73,27
60,88
52,21
9,41
63,234
68,78
15,36
30,49
18,111
37,78
9,82
161,90
10,73
109,81
12,58
161,97
29,111
112,125
375,44
103,36
45,487
27,62
1,81
104,65
119,37
75,53
61,129
54,41
188,49
51,46
70,65
342,98
63,56
365,79
16,29
23,32
103,249
29,117
82,118
5,24
27,58
23,84
57,22
97,135
210,73
14,305
74,39
51,36
49,53
43,177
333,94
400,55
55,417
118,99
86,37
139,140
306,32
303,37
140,139
44,24
37,172
146,78
166,42
115,97
14,110
25,131
12,37
74,82
51,78
161,37
60,17
83,160
99,81
89,151
49,32
62,33
40,99
217,208
71,66
79,128
216,84
55,35
425,118
80,96
27,120
49,40
59,40
2,337
56,160
140,99
42,107
57,70
29,69
45,71
41,24
71,42
21,56
49,152
174,236
30,0
68,40
145,44
72,59
63,40
57,46
404,141
25,142
0,171
28,151
31,52
26,186
24,26
24,147
67,193
18,34
49,42
4,113
89,194
161,29
26,45
40,29
25,65
21,97
63,50
70,225
183,168
35,24
0,8
82,50
17,33
104,70
204,117
54,70
155,215
4,42
28,17
12,98
31,64
37,40
26,63
51,38
155,171
202,18
444,73
34,45
32,39
17,86
50,55
176,20
86,165
112,28
26,208
38,90
29,58
72,374
60,69
78,65
17,27
108,70
42,312
40,151
34,11
101,274
107,97
59,396
73,374
0,62
27,68
177,35
60,67
37,337
116,192
32,33
383,58
188,42
162,216
30,35
129,102
176,29
71,122
8,70
38,31
22,104
115,57
34,34
33,58
148,124
16,141
77,208
11,15
51,38
60,42
10,78
43,337
55,67
60,37
10,82
55,70
52,151
68,85
59,146
62,37
109,54
49,218
55,26
48,50
86,29
30,123
152,86
19,44
42,85
9,48
58,31
40,70
113,137
106,30
53,83
103,45
34,79
52,45
113,37
92,55
76,11
35,54
67,65
46,57
53,36
163,93
103,18
19,36
36,75
23,42
76,252
25,20
55,61
224,13
18,146
25,83
7,95
13,54
77,41
15,24
31,100
100,65
75,93
216,45
115,38
20,77
60,24
37,39
323,201
115,220
42,144
57,33
56,5
24,34
68,27
55,46
59,131
46,19
16,21
373,112
116,39
438,197
75,21
8,12
75,48
83,49
217,189
54,118
46,111
53,8
83,30
27,81
29,78
113,32
407,78
56,85
327,114
60,55
151,38
7,67
23,81
67,35
102,125
23,29
22,144
143,8
35,170
10,86
10,22
10,27
28,169
13,228
69,46
19,32
131,39
73,56
121,33
98,112
47,120
26,93
27,81
156,200
91,24
256,50
71,99
78,20
128,68
7,200
64,50
5,7
208,120
11,126
71,74
100,68
131,32
52,55
41,115
29,29
53,170
35,63
12,53
17,47
107,150
13,43
108,15
25,36
48,64
75,234
67,0
54,273
35,52
36,111
320,95
47,12
163,157
306,99
148,78
35,166
48,27
36,82
49,72
60,136
36,70
19,62
25,112
14,52
62,30
114,60
327,40
60,47
87,67
320,60
87,33
55,78
30,61
103,274
123,171
27,98
113,28
68,139
28,70
10,114
156,50
185,138
63,43
141,75
55,32
87,65
322,67
74,56
39,116
52,90
7,56
78,52
2,63
160,42
5,41
143,313
91,41
64,13
312,93
63,20
65,147
36,119
176,42
43,236
25,155
15,45
118,26
30,266
50,21
45,72
129,66
105,38
32,166
1,137
124,134
51,98
70,17
34,80
70,20
17,34
37,149
67,26
42,60
185,46
85,48
368,49
22,256
206,24
41,20
108,175
37,83
46,20
50,38
80,124
35,75
68,20
50,70
28,46
56,43
89,32
68,16
22,70
7,111
79,62
